{
  "project_info": {
    "project_number": "816037959473",
    "firebase_url": "https://uberclone-ff302.firebaseio.com",
    "project_id": "uberclone-ff302",
    "storage_bucket": "uberclone-ff302.appspot.com"
  },
  "client": [
    {
      "client_info": {
        "mobilesdk_app_id": "1:816037959473:android:51326183b7ee8a08",
        "android_client_info": {
          "package_name": "com.example.uber_clone"
        }
      },
      "oauth_client": [
        {
          "client_id": "816037959473-s4a51gj1p67gi5tqqqvfuueedjrv1j8u.apps.googleusercontent.com",
          "client_type": 1,
          "android_info": {
            "package_name": "com.example.uber_clone",
            "certificate_hash": "5261a55d1ee64dd9212209f8b5ec8f03a9f6fa96"
          }
        },
        {
          "client_id": "816037959473-uupfr2skhvi6317ohm2dcmaq4a8qqodd.apps.googleusercontent.com",
          "client_type": 3
        }
      ],
      "api_key": [
        {
          "current_key": "AIzaSyDkCF35yCQyQfdjPxEL9PMWW8jTKfg3UzY"
        }
      ],
      "services": {
        "appinvite_service": {
          "other_platform_oauth_client": [
            {
              "client_id": "816037959473-uupfr2skhvi6317ohm2dcmaq4a8qqodd.apps.googleusercontent.com",
              "client_type": 3
            }
          ]
        }
      }
    }
  ],
  "configuration_version": "1"
}